<layerGroup>
  <id>LayerGroupInfoImpl-4bfc585f:15c8310ee8f:-2d5e</id>
  <name>AA_OpenStreetMap</name>
  <mode>SINGLE</mode>
  <title>Camada completa do OpenStreetMap</title>
  <abstractTxt>Camada completa do OpenStreetMap para ser usada como pano de fundo nos sistemas de mapas.</abstractTxt>
  <workspace>
    <id>WorkspaceInfoImpl--2b82ed5b:15c82f513b9:-7fff</id>
  </workspace>
  <publishables>
    <published type="layer">
      <id>LayerInfoImpl-4bfc585f:15c8310ee8f:-2d9f</id>
    </published>
    <published type="layer">
      <id>LayerInfoImpl-4bfc585f:15c8310ee8f:-2da2</id>
    </published>
    <published type="layer">
      <id>LayerInfoImpl-4bfc585f:15c8310ee8f:-2d9c</id>
    </published>
    <published type="layer">
      <id>LayerInfoImpl-4bfc585f:15c8310ee8f:-2d99</id>
    </published>
    <published type="layer">
      <id>LayerInfoImpl-4bfc585f:15c8310ee8f:-2d96</id>
    </published>
    <published type="layer">
      <id>LayerInfoImpl-4bfc585f:15c8310ee8f:-2d93</id>
    </published>
    <published type="layer">
      <id>LayerInfoImpl-4bfc585f:15c8310ee8f:-2d90</id>
    </published>
    <published type="layer">
      <id>LayerInfoImpl-4bfc585f:15c8310ee8f:-2d8d</id>
    </published>
    <published type="layer">
      <id>LayerInfoImpl-4bfc585f:15c8310ee8f:-2d88</id>
    </published>
    <published type="layer">
      <id>LayerInfoImpl-4bfc585f:15c8310ee8f:-2d85</id>
    </published>
    <published type="layer">
      <id>LayerInfoImpl-4bfc585f:15c8310ee8f:-2d82</id>
    </published>
    <published type="layer">
      <id>LayerInfoImpl-4bfc585f:15c8310ee8f:-2d7f</id>
    </published>
    <published type="layer">
      <id>LayerInfoImpl-4bfc585f:15c8310ee8f:-2d7c</id>
    </published>
    <published type="layer">
      <id>LayerInfoImpl-4bfc585f:15c8310ee8f:-2d79</id>
    </published>
    <published type="layer">
      <id>LayerInfoImpl-4bfc585f:15c8310ee8f:-2d76</id>
    </published>
    <published type="layer">
      <id>LayerInfoImpl-4bfc585f:15c8310ee8f:-2d73</id>
    </published>
    <published type="layer">
      <id>LayerInfoImpl-4bfc585f:15c8310ee8f:-2d70</id>
    </published>
    <published type="layer">
      <id>LayerInfoImpl-4bfc585f:15c8310ee8f:-2d6d</id>
    </published>
    <published type="layer">
      <id>LayerInfoImpl-4bfc585f:15c8310ee8f:-2d6a</id>
    </published>
    <published type="layer">
      <id>LayerInfoImpl-4bfc585f:15c8310ee8f:-2d67</id>
    </published>
    <published type="layer">
      <id>LayerInfoImpl-4bfc585f:15c8310ee8f:-2d61</id>
    </published>
    <published type="layer">
      <id>LayerInfoImpl-4bfc585f:15c8310ee8f:-2d64</id>
    </published>
  </publishables>
  <styles>
    <style>
      <id>StyleInfoImpl-4bfc585f:15c8310ee8f:-2d9e</id>
    </style>
    <style>
      <id>StyleInfoImpl-4bfc585f:15c8310ee8f:-2da1</id>
    </style>
    <style>
      <id>StyleInfoImpl-4bfc585f:15c8310ee8f:-2d9b</id>
    </style>
    <style>
      <id>StyleInfoImpl-4bfc585f:15c8310ee8f:-2d98</id>
    </style>
    <style>
      <id>StyleInfoImpl-4bfc585f:15c8310ee8f:-2d95</id>
    </style>
    <style>
      <id>StyleInfoImpl-4bfc585f:15c8310ee8f:-2d92</id>
    </style>
    <style>
      <id>StyleInfoImpl-4bfc585f:15c8310ee8f:-2d8f</id>
    </style>
    <style>
      <id>StyleInfoImpl-4bfc585f:15c8310ee8f:-2d8c</id>
    </style>
    <style>
      <id>StyleInfoImpl-4bfc585f:15c8310ee8f:-2d87</id>
    </style>
    <style>
      <id>StyleInfoImpl-4bfc585f:15c8310ee8f:-2d84</id>
    </style>
    <style>
      <id>StyleInfoImpl-4bfc585f:15c8310ee8f:-2d81</id>
    </style>
    <style>
      <id>StyleInfoImpl-4bfc585f:15c8310ee8f:-2d7e</id>
    </style>
    <style>
      <id>StyleInfoImpl-4bfc585f:15c8310ee8f:-2d7b</id>
    </style>
    <style>
      <id>StyleInfoImpl-4bfc585f:15c8310ee8f:-2d78</id>
    </style>
    <style>
      <id>StyleInfoImpl-4bfc585f:15c8310ee8f:-2d75</id>
    </style>
    <style>
      <id>StyleInfoImpl-4bfc585f:15c8310ee8f:-2d72</id>
    </style>
    <style>
      <id>StyleInfoImpl-4bfc585f:15c8310ee8f:-2d6f</id>
    </style>
    <style>
      <id>StyleInfoImpl-4bfc585f:15c8310ee8f:-2d6c</id>
    </style>
    <style>
      <id>StyleInfoImpl-4bfc585f:15c8310ee8f:-2d69</id>
    </style>
    <style>
      <id>StyleInfoImpl-4bfc585f:15c8310ee8f:-2d66</id>
    </style>
    <style>
      <id>StyleInfoImpl-4bfc585f:15c8310ee8f:-2d60</id>
    </style>
    <style>
      <id>StyleInfoImpl-4bfc585f:15c8310ee8f:-2d63</id>
    </style>
  </styles>
  <bounds>
    <minx>-179.9999998</minx>
    <maxx>179.8883633</maxx>
    <miny>-86.7766633</miny>
    <maxy>83.5025995</maxy>
    <crs>EPSG:4326</crs>
  </bounds>
</layerGroup>